instrument,side,qty,entry_time,entry_price,exit_time,exit_price,entry_reason,exit_reason,gross_pnl,commission,spread,slippage,net_pnl,holding_days
NSE:HDFCBANK,SHORT,125,2023-10-06T15:30:00+05:30,767.03,2023-11-03T15:30:00+05:30,741.88,lorentzian_new_short,lorentzian_exit_short,3143.75,272.49,18.86,56.58,2795.82,28.0
NSE:BANKNIFTY,SHORT,2.3304403091972277,2023-10-27T15:30:00+05:30,42782.0,2023-11-24T15:30:00+05:30,43769.1,lorentzian_new_short,lorentzian_exit_short,-2300.38,66.06,4.03,20.17,-2390.64,28.0
NSE:SENSEX,SHORT,1.563131378473184,2023-10-27T15:30:00+05:30,63782.8,2023-11-24T15:30:00+05:30,65970.04,lorentzian_new_short,lorentzian_exit_short,-3418.94,66.1,4.06,20.28,-3509.38,28.0
NSE:ICICIBANK,SHORT,105,2023-10-27T15:30:00+05:30,912.75,2023-11-24T15:30:00+05:30,929.4,lorentzian_new_short,lorentzian_exit_short,-1748.25,278.2,19.34,58.03,-2103.82,28.0
NSE:SBIN,SHORT,175,2023-10-27T15:30:00+05:30,561.15,2023-11-24T15:30:00+05:30,560.35,lorentzian_new_short,lorentzian_exit_short,140.01,281.21,19.63,58.88,-219.71,28.0
NSE:WIPRO,SHORT,520,2023-10-27T15:30:00+05:30,191.18,2023-11-24T15:30:00+05:30,198.0,lorentzian_new_short,lorentzian_exit_short,-3549.0,288.28,20.24,60.71,-3918.22,28.0
NSE:TATASTEEL,SHORT,845,2023-11-03T15:30:00+05:30,117.3,2023-12-01T15:30:00+05:30,130.0,lorentzian_new_short,lorentzian_exit_short,-10731.5,296.15,20.9,62.69,-11111.23,28.0
NSE:SENSEX,LONG,1.4256122859771678,2023-12-01T15:30:00+05:30,67481.19,2023-12-29T15:30:00+05:30,72240.26,lorentzian_new_long,lorentzian_exit_long,6784.59,66.3,3.98,19.92,6694.39,28.0
NSE:BANKNIFTY,LONG,2.0591046519754954,2023-12-08T15:30:00+05:30,47262.0,2024-01-05T15:30:00+05:30,48159.0,lorentzian_new_long,lorentzian_exit_long,1847.02,65.78,3.93,19.65,1757.65,28.0
NSE:RELIANCE,LONG,80,2023-12-08T15:30:00+05:30,1227.88,2024-01-05T15:30:00+05:30,1303.85,lorentzian_new_long,lorentzian_exit_long,6078.0,287.74,20.25,60.76,5709.24,28.0
NSE:ICICIBANK,LONG,95,2023-12-08T15:30:00+05:30,1010.85,2024-01-05T15:30:00+05:30,993.7,lorentzian_new_long,lorentzian_exit_long,-1629.25,274.87,19.04,57.13,-1980.28,28.0
NSE:HDFCBANK,LONG,120,2023-12-08T15:30:00+05:30,826.6,2024-01-05T15:30:00+05:30,841.1,lorentzian_new_long,lorentzian_exit_long,1740.0,285.38,20.01,60.04,1374.57,28.0
NSE:TATASTEEL,LONG,685,2023-12-08T15:30:00+05:30,129.2,2024-01-05T15:30:00+05:30,133.65,lorentzian_new_long,lorentzian_exit_long,3048.25,262.98,18.01,54.02,2713.25,28.0
NSE:WIPRO,LONG,450,2023-12-08T15:30:00+05:30,211.3,2024-01-05T15:30:00+05:30,228.3,lorentzian_new_long,lorentzian_exit_long,7650.0,282.38,19.78,59.35,7288.49,28.0
NSE:LT,LONG,25,2023-12-08T15:30:00+05:30,3378.45,2024-01-05T15:30:00+05:30,3521.9,lorentzian_new_long,lorentzian_exit_long,3586.25,254.56,17.25,51.75,3262.69,28.0
NSE:HINDUNILVR,LONG,35,2023-12-29T15:30:00+05:30,2663.95,2024-01-25T15:30:00+05:30,2428.3,lorentzian_new_long,lorentzian_new_short,-8247.75,261.8,17.82,53.47,-8580.84,27.0
NSE:HDFCBANK,SHORT,140,2024-01-19T15:30:00+05:30,735.33,2024-02-16T15:30:00+05:30,709.95,lorentzian_new_short,lorentzian_exit_short,3552.5,287.71,20.23,60.7,3183.86,28.0
NSE:BANKNIFTY,SHORT,2.2081191420491373,2024-01-25T15:30:00+05:30,44866.15,2024-02-23T15:30:00+05:30,46811.75,lorentzian_new_short,lorentzian_exit_short,-4296.12,66.02,4.05,20.24,-4386.43,29.0
NSE:HINDUNILVR,SHORT,35,2024-01-25T15:30:00+05:30,2428.3,2024-02-23T15:30:00+05:30,2394.1,lorentzian_new_short,lorentzian_exit_short,1197.0,250.6,16.88,50.64,878.89,29.0
NSE:SBIN,LONG,160,2023-12-08T15:30:00+05:30,614.15,2024-03-07T15:30:00+05:30,788.05,lorentzian_new_long,lorentzian_exit_long,27823.99,310.35,22.44,67.31,27423.9,90.0
NSE:ITC,SHORT,245,2024-02-09T15:30:00+05:30,400.09,2024-03-07T15:30:00+05:30,398.21,lorentzian_new_short,lorentzian_exit_short,460.03,280.43,19.56,58.68,101.36,27.0
NSE:INFY,SHORT,65,2024-03-22T15:30:00+05:30,1508.85,2024-04-19T15:30:00+05:30,1411.25,lorentzian_new_short,lorentzian_exit_short,6344.0,273.57,18.98,56.94,5994.5,28.0
NSE:WIPRO,SHORT,455,2024-04-19T15:30:00+05:30,226.38,2024-05-17T15:30:00+05:30,230.5,lorentzian_new_short,lorentzian_exit_short,-1876.88,294.27,20.79,62.36,-2254.3,28.0
NSE:BANKNIFTY,LONG,1.9356012563880902,2024-05-03T15:30:00+05:30,48923.55,2024-05-31T15:30:00+05:30,48983.95,lorentzian_new_long,lorentzian_exit_long,116.91,65.04,3.79,18.95,29.13,28.0
NSE:TCS,SHORT,25,2024-05-31T15:30:00+05:30,3670.95,2024-06-28T15:30:00+05:30,3904.15,lorentzian_new_short,lorentzian_exit_short,-5830.0,274.01,18.94,56.81,-6179.76,28.0
NSE:HDFCBANK,LONG,135,2024-06-07T15:30:00+05:30,786.67,2024-07-05T15:30:00+05:30,824.05,lorentzian_new_long,lorentzian_exit_long,5045.62,304.39,21.74,65.23,4654.26,28.0
NSE:HINDUNILVR,LONG,35,2024-06-07T15:30:00+05:30,2577.8,2024-07-05T15:30:00+05:30,2547.0,lorentzian_new_long,lorentzian_exit_long,-1078.0,262.53,17.94,53.81,-1412.28,28.0
NSE:INFY,LONG,65,2024-06-28T15:30:00+05:30,1566.75,2024-07-26T15:30:00+05:30,1878.9,lorentzian_new_long,lorentzian_exit_long,20289.75,310.49,22.4,67.19,19889.68,28.0
NSE:WIPRO,LONG,390,2024-06-28T15:30:00+05:30,257.42,2024-07-26T15:30:00+05:30,262.4,lorentzian_new_long,lorentzian_exit_long,1940.25,288.27,20.27,60.82,1570.89,28.0
NSE:ICICIBANK,LONG,75,2024-07-05T15:30:00+05:30,1233.4,2024-08-02T15:30:00+05:30,1196.55,lorentzian_new_long,lorentzian_exit_long,-2763.75,265.85,18.22,54.67,-3102.5,28.0
NSE:TCS,LONG,20,2024-07-12T15:30:00+05:30,4183.95,2024-08-09T15:30:00+05:30,4228.75,lorentzian_new_long,lorentzian_exit_long,896.0,250.03,16.83,50.48,578.66,28.0
NSE:HCLTECH,LONG,60,2024-07-12T15:30:00+05:30,1560.2,2024-08-09T15:30:00+05:30,1589.95,lorentzian_new_long,lorentzian_exit_long,1785.0,273.03,18.9,56.7,1436.37,28.0
NSE:ITC,LONG,215,2024-07-19T15:30:00+05:30,456.95,2024-08-16T15:30:00+05:30,484.01,lorentzian_new_long,lorentzian_exit_long,5817.45,287.5,20.23,60.69,5449.03,28.0
NSE:SBIN,SHORT,160,2024-09-06T15:30:00+05:30,782.5,2024-10-04T15:30:00+05:30,796.65,lorentzian_new_short,lorentzian_exit_short,-2264.0,344.07,25.27,75.8,-2709.14,28.0
NSE:TCS,SHORT,20,2024-10-11T15:30:00+05:30,4149.2,2024-11-08T15:30:00+05:30,4147.0,lorentzian_new_short,lorentzian_exit_short,44.0,247.51,16.59,49.78,-269.87,28.0
NSE:TATACONSUM,SHORT,90,2024-10-18T15:30:00+05:30,1093.25,2024-11-14T15:30:00+05:30,925.0,lorentzian_new_short,lorentzian_exit_short,15142.5,263.84,18.16,54.49,14806.0,27.0
NSE:NIFTY,SHORT,4.123142910361542,2024-10-25T15:30:00+05:30,24180.8,2024-11-22T15:30:00+05:30,23907.25,lorentzian_new_short,lorentzian_exit_short,1127.89,73.39,3.97,19.83,1030.7,28.0
NSE:SENSEX,SHORT,1.2956348730384588,2024-10-25T15:30:00+05:30,79402.29,2024-11-22T15:30:00+05:30,79117.11,lorentzian_new_short,lorentzian_exit_short,369.49,74.26,4.11,20.54,270.58,28.0
NSE:ITC,SHORT,225,2024-10-25T15:30:00+05:30,464.41,2024-11-22T15:30:00+05:30,457.05,lorentzian_new_short,lorentzian_exit_short,1657.42,293.39,20.73,62.2,1281.09,28.0
NSE:HINDUNILVR,SHORT,35,2024-10-25T15:30:00+05:30,2528.05,2024-11-22T15:30:00+05:30,2445.25,lorentzian_new_short,lorentzian_exit_short,2898.0,256.34,17.41,52.22,2572.04,28.0
NSE:INFY,SHORT,70,2024-11-01T15:30:00+05:30,1760.85,2024-11-29T15:30:00+05:30,1857.85,lorentzian_new_short,lorentzian_exit_short,-6790.0,345.12,25.33,75.99,-7236.45,28.0
NSE:ADANIGREEN,SHORT,60,2024-11-08T15:30:00+05:30,1598.55,2024-12-06T15:30:00+05:30,1210.65,lorentzian_new_short,lorentzian_exit_short,23274.0,248.68,16.86,50.57,22957.9,28.0
NSE:SBIN,LONG,140,2024-12-06T15:30:00+05:30,863.65,2025-01-03T15:30:00+05:30,793.4,lorentzian_new_long,lorentzian_exit_long,-9835.0,321.66,23.2,69.6,-10249.45,28.0
NSE:LT,LONG,25,2024-12-06T15:30:00+05:30,3866.7,2025-01-03T15:30:00+05:30,3659.9,lorentzian_new_long,lorentzian_exit_long,-5170.0,272.61,18.82,56.45,-5517.88,28.0
NSE:INFY,LONG,55,2024-12-13T15:30:00+05:30,1999.7,2025-01-10T15:30:00+05:30,1966.95,lorentzian_new_long,lorentzian_exit_long,-1801.25,305.7,21.82,65.45,-2194.21,28.0
NSE:RELIANCE,SHORT,85,2024-12-20T15:30:00+05:30,1205.3,2025-01-17T15:30:00+05:30,1302.35,lorentzian_new_short,lorentzian_exit_short,-8249.24,300.61,21.32,63.95,-8635.11,28.0
NSE:BANKNIFTY,SHORT,1.9437197632160295,2025-01-10T15:30:00+05:30,48734.15,2025-02-07T15:30:00+05:30,50158.85,lorentzian_new_short,lorentzian_exit_short,-2769.22,72.25,3.84,19.22,-2864.54,28.0
NSE:SBIN,SHORT,150,2025-01-10T15:30:00+05:30,743.25,2025-02-07T15:30:00+05:30,737.2,lorentzian_new_short,lorentzian_exit_short,907.5,309.83,22.21,66.62,508.84,28.0
NSE:TATACONSUM,LONG,110,2025-01-31T15:30:00+05:30,1024.65,2025-02-28T15:30:00+05:30,963.7,lorentzian_new_long,lorentzian_exit_long,-6704.5,306.68,21.87,65.62,-7098.67,28.0
NSE:LT,SHORT,25,2025-01-31T15:30:00+05:30,3567.4,2025-02-28T15:30:00+05:30,3163.85,lorentzian_new_short,lorentzian_exit_short,10088.75,249.37,16.83,50.48,9772.06,28.0
NSE:INFY,SHORT,65,2025-02-28T15:30:00+05:30,1687.7,2025-03-28T15:30:00+05:30,1570.65,lorentzian_new_short,lorentzian_exit_short,7608.25,297.91,21.18,63.54,7225.62,28.0
NSE:HCLTECH,SHORT,60,2025-02-28T15:30:00+05:30,1575.05,2025-03-28T15:30:00+05:30,1592.5,lorentzian_new_short,lorentzian_exit_short,-1047.0,274.4,19.01,57.02,-1397.42,28.0
NSE:WIPRO,SHORT,365,2025-02-28T15:30:00+05:30,277.65,2025-03-28T15:30:00+05:30,262.25,lorentzian_new_short,lorentzian_exit_short,5621.0,281.69,19.71,59.12,5260.48,28.0
NSE:HDFCBANK,LONG,120,2025-03-28T15:30:00+05:30,914.1,2025-04-25T15:30:00+05:30,955.6,lorentzian_new_long,lorentzian_exit_long,4980.0,312.08,22.44,67.31,4578.18,28.0
NSE:BANKNIFTY,LONG,1.6921941865742522,2025-04-17T15:30:00+05:30,54290.2,2025-05-16T15:30:00+05:30,55354.9,lorentzian_new_long,lorentzian_exit_long,1801.68,71.78,3.71,18.55,1707.63,29.0
NSE:ICICIBANK,LONG,65,2025-04-17T15:30:00+05:30,1406.7,2025-05-16T15:30:00+05:30,1454.0,lorentzian_new_long,lorentzian_exit_long,3074.5,269.53,18.59,55.78,2730.6,29.0
NSE:SBIN,LONG,140,2025-04-25T15:30:00+05:30,798.65,2025-05-23T15:30:00+05:30,790.5,lorentzian_new_long,lorentzian_exit_long,-1141.0,310.44,22.25,66.74,-1540.44,28.0
NSE:RELIANCE,LONG,65,2025-05-02T15:30:00+05:30,1419.8,2025-05-30T15:30:00+05:30,1420.9,lorentzian_new_long,lorentzian_exit_long,71.5,268.31,18.46,55.39,-270.67,28.0
NSE:NIFTY,LONG,4.025952015280015,2025-05-16T15:30:00+05:30,25019.8,2025-06-13T15:30:00+05:30,24718.6,lorentzian_new_long,lorentzian_exit_long,-1212.62,73.44,4.0,20.02,-1310.09,28.0
NSE:SENSEX,LONG,1.2528289058725852,2025-05-16T15:30:00+05:30,82330.59,2025-06-13T15:30:00+05:30,81118.6,lorentzian_new_long,lorentzian_exit_long,-1518.42,74.01,4.1,20.48,-1617.0,28.0
NSE:TATASTEEL,LONG,575,2025-05-16T15:30:00+05:30,157.55,2025-06-13T15:30:00+05:30,152.13,lorentzian_new_long,lorentzian_exit_long,-3116.5,261.24,17.81,53.42,-3448.96,28.0
NSE:LT,LONG,25,2025-05-16T15:30:00+05:30,3604.7,2025-06-13T15:30:00+05:30,3587.4,lorentzian_new_long,lorentzian_exit_long,-432.5,262.96,17.98,53.94,-767.39,28.0
NSE:HINDUNILVR,LONG,35,2025-07-11T15:30:00+05:30,2519.6,2025-08-08T15:30:00+05:30,2498.6,lorentzian_new_long,lorentzian_exit_long,-735.0,258.36,17.56,52.69,-1063.61,28.0
NSE:BANKNIFTY,SHORT,1.7439372997171534,2025-08-29T15:30:00+05:30,53655.65,2025-09-26T15:30:00+05:30,54389.35,lorentzian_new_short,lorentzian_exit_short,-1279.53,71.88,3.77,18.84,-1374.02,28.0
NSE:BANKNIFTY,LONG,1.5975882622100757,2025-10-17T15:30:00+05:30,57713.35,2025-11-14T15:30:00+05:30,58517.55,lorentzian_new_long,lorentzian_exit_long,1284.78,71.75,3.71,18.57,1190.75,28.0
NSE:BHARTIARTL,LONG,45,2025-10-31T15:30:00+05:30,2054.5,2025-11-28T15:30:00+05:30,2101.6,lorentzian_new_long,lorentzian_exit_long,2119.5,270.8,18.7,56.11,1773.9,28.0
NSE:HCLTECH,LONG,60,2025-11-21T15:30:00+05:30,1608.0,2025-12-19T15:30:00+05:30,1642.4,lorentzian_new_long,lorentzian_exit_long,2064.0,279.69,19.5,58.51,1706.3,28.0
NSE:TCS,LONG,25,2025-12-05T15:30:00+05:30,3238.2,2026-01-02T15:30:00+05:30,3250.7,lorentzian_new_long,lorentzian_exit_long,312.5,243.37,16.22,48.67,4.24,28.0
NSE:INFY,LONG,75,2025-12-05T15:30:00+05:30,1616.2,2026-01-02T15:30:00+05:30,1640.4,lorentzian_new_long,lorentzian_exit_long,1815.01,334.41,24.42,73.27,1382.9,28.0
NSE:HINDUNILVR,SHORT,35,2025-12-05T15:30:00+05:30,2338.6,2026-01-02T15:30:00+05:30,2348.0,lorentzian_new_short,lorentzian_exit_short,-329.0,245.43,16.4,49.21,-640.04,28.0
NSE:WIPRO,LONG,410,2025-12-05T15:30:00+05:30,259.91,2026-01-02T15:30:00+05:30,269.0,lorentzian_new_long,lorentzian_exit_long,3726.9,303.82,21.69,65.06,3336.33,28.0
NSE:ICICIBANK,LONG,65,2026-01-16T15:30:00+05:30,1410.8,2026-02-13T15:30:00+05:30,1414.6,lorentzian_new_long,lorentzian_exit_long,247.0,267.19,18.37,55.1,-93.65,28.0
NSE:NIFTY,SHORT,3.9691696649168584,2026-01-23T15:30:00+05:30,25048.65,2026-02-20T15:30:00+05:30,25571.25,lorentzian_new_short,lorentzian_exit_short,-2074.29,73.45,4.02,20.09,-2171.85,28.0
NSE:SENSEX,SHORT,1.2452396649133248,2026-01-23T15:30:00+05:30,81537.7,2026-02-20T15:30:00+05:30,82814.71,lorentzian_new_short,lorentzian_exit_short,-1590.18,73.99,4.09,20.47,-1688.73,28.0
NSE:LT,SHORT,25,2026-01-23T15:30:00+05:30,3743.8,2026-02-20T15:30:00+05:30,4380.6,lorentzian_new_short,lorentzian_new_long,-15920.0,290.03,20.31,60.93,-16291.27,28.0
NSE:HDFCBANK,SHORT,125,2026-01-30T15:30:00+05:30,929.25,2026-02-27T15:30:00+05:30,887.75,lorentzian_new_short,lorentzian_exit_short,5187.5,315.13,22.71,68.14,4781.52,28.0
NSE:BHARTIARTL,SHORT,50,2026-01-30T15:30:00+05:30,1968.7,2026-02-27T15:30:00+05:30,1879.3,lorentzian_new_short,lorentzian_exit_short,4470.0,276.59,19.24,57.72,4116.44,28.0
NSE:TCS,SHORT,30,2026-02-13T15:30:00+05:30,2692.2,2026-03-13T15:30:00+05:30,2410.5,lorentzian_new_short,lorentzian_exit_short,8451.0,232.6,15.31,45.92,8157.16,28.0
NSE:INFY,SHORT,90,2026-02-13T15:30:00+05:30,1369.1,2026-03-13T15:30:00+05:30,1248.3,lorentzian_new_short,lorentzian_exit_short,10871.99,324.08,23.56,70.67,10453.69,28.0
NSE:HCLTECH,SHORT,65,2026-02-13T15:30:00+05:30,1455.2,2026-03-13T15:30:00+05:30,1325.4,lorentzian_new_short,lorentzian_exit_short,8437.0,263.34,18.07,54.22,8101.36,28.0
NSE:WIPRO,SHORT,515,2026-02-13T15:30:00+05:30,214.09,2026-03-13T15:30:00+05:30,197.58,lorentzian_new_short,lorentzian_exit_short,8502.65,298.08,21.2,63.6,8119.76,28.0
NSE:LT,LONG,20,2026-02-20T15:30:00+05:30,4380.6,2026-03-13T15:30:00+05:30,3439.0,lorentzian_new_long,lorentzian_new_short,-18832.0,238.33,15.64,46.92,-19132.89,21.0
NSE:RELIANCE,SHORT,65,2026-03-06T15:30:00+05:30,1404.8,2026-04-02T15:30:00+05:30,1350.5,lorentzian_new_short,lorentzian_exit_short,3529.5,261.88,17.91,53.73,3195.99,27.0
NSE:ICICIBANK,SHORT,70,2026-03-06T15:30:00+05:30,1313.4,2026-04-02T15:30:00+05:30,1215.8,lorentzian_new_short,lorentzian_exit_short,6832.0,259.35,17.7,53.11,6501.83,27.0
NSE:BANKNIFTY,SHORT,1.7372226399629853,2026-03-13T15:30:00+05:30,53757.85,2026-04-10T15:30:00+05:30,55912.75,lorentzian_new_short,lorentzian_exit_short,-3743.54,71.93,3.81,19.05,-3838.34,28.0
NSE:TATACONSUM,SHORT,95,2026-03-13T15:30:00+05:30,1083.6,2026-04-10T15:30:00+05:30,1093.7,lorentzian_new_short,lorentzian_exit_short,-959.5,293.05,20.68,62.05,-1335.29,28.0
NSE:LT,SHORT,20,2026-03-13T15:30:00+05:30,3439.0,2026-04-10T15:30:00+05:30,3959.9,lorentzian_new_short,lorentzian_exit_short,-10418.0,228.35,14.8,44.39,-10705.54,28.0
NSE:SBIN,SHORT,110,2026-04-02T15:30:00+05:30,1018.4,2026-05-01T15:30:00+05:30,1068.45,lorentzian_new_short,lorentzian_exit_short,-5505.49,318.63,22.96,68.87,-5915.94,29.0
NSE:ADANIGREEN,LONG,105,2026-04-17T15:30:00+05:30,1127.3,2026-05-15T15:30:00+05:30,1379.0,lorentzian_new_long,lorentzian_exit_long,26428.49,353.58,26.32,78.95,25969.65,28.0
NSE:TATACONSUM,LONG,90,2026-04-24T15:30:00+05:30,1174.0,2026-05-22T15:30:00+05:30,1191.8,lorentzian_new_long,lorentzian_exit_long,1602.0,299.61,21.29,63.88,1217.22,28.0
NSE:HINDUNILVR,LONG,35,2026-04-24T15:30:00+05:30,2327.3,2026-05-22T15:30:00+05:30,2203.6,lorentzian_new_long,lorentzian_exit_long,-4329.5,239.67,15.86,47.57,-4632.61,28.0
NSE:TATASTEEL,SHORT,465,2026-06-26T15:30:00+05:30,188.71,2026-07-24T15:30:00+05:30,182.67,lorentzian_new_short,lorentzian_exit_short,2808.6,254.82,17.27,51.81,2484.71,28.0
NSE:BANKNIFTY,LONG,1.5429600384684339,2026-07-10T15:30:00+05:30,58045.9,2026-08-07T15:30:00+05:30,57746.45,lorentzian_new_long,lorentzian_exit_long,-462.04,97.4,3.57,17.87,-580.88,28.0
NSE:HDFCBANK,LONG,145,2026-07-10T15:30:00+05:30,824.95,2026-08-07T15:30:00+05:30,731.0,lorentzian_new_long,lorentzian_exit_long,-13622.75,314.86,22.56,67.68,-14027.86,28.0
NSE:BHARTIARTL,LONG,50,2026-07-10T15:30:00+05:30,1920.4,2026-08-07T15:30:00+05:30,1959.9,lorentzian_new_long,lorentzian_exit_long,1975.0,278.58,19.4,58.2,1618.82,28.0
NSE:TCS,LONG,40,2026-07-31T15:30:00+05:30,2365.6,2026-08-28T15:30:00+05:30,2342.0,lorentzian_new_long,lorentzian_exit_long,-944.0,272.45,18.83,56.49,-1291.77,28.0
NSE:HCLTECH,LONG,80,2026-07-31T15:30:00+05:30,1346.9,2026-08-28T15:30:00+05:30,1316.1,lorentzian_new_long,lorentzian_exit_long,-2464.0,300.05,21.3,63.91,-2849.27,28.0
NSE:SBIN,LONG,95,2026-08-07T15:30:00+05:30,1097.2,2026-09-04T15:30:00+05:30,1016.1,lorentzian_new_long,lorentzian_exit_long,-7704.5,286.8,20.08,60.23,-8071.6,28.0
NSE:BANKNIFTY,SHORT,1.639945542209986,2026-09-29T15:30:00+05:30,54259.95,2026-09-29T15:30:00+05:30,54259.95,lorentzian_new_short,backtest_end,-0.0,97.31,3.56,17.8,-118.67,0.0
NSE:HDFCBANK,SHORT,150,2026-09-04T15:30:00+05:30,712.1,2026-09-29T15:30:00+05:30,722.7,lorentzian_new_short,lorentzian_exit_short,-1590.01,302.41,21.52,64.57,-1978.5,25.0
NSE:HINDUNILVR,SHORT,45,2026-09-29T15:30:00+05:30,1863.8,2026-09-29T15:30:00+05:30,1863.8,lorentzian_new_short,backtest_end,-0.0,76.76,16.77,50.32,-143.86,0.0
NSE:BHARTIARTL,SHORT,60,2026-09-25T15:30:00+05:30,1785.4,2026-09-29T15:30:00+05:30,1771.2,lorentzian_new_short,backtest_end,852.0,300.2,21.34,64.02,466.45,4.0
